Identity,Members
Consulting,DCMcLaughlin
Consulting,SWRaynor
Consulting,BFWoodard
Consulting,JSGriffin
Consulting,NIMiddleton
Consulting,DHChung
Consulting,DZBarton
Consulting,FFBaker
Consulting,SEMerritt
Consulting,JCCooper
Consulting,KVWatts
Consulting,SBHardin
Consulting,PISinclair
Consulting,BAJames
Consulting,RRCowan
Consulting,GHClapp
Consulting,VUSumner
Consulting,KACassidy
Consulting,CSHeath
Finance,MVRobertson
Finance,RHZhang
Finance,MZJustice
Finance,BBWillis
Finance,JRGraves
Finance,DONorman
Finance,RHChan
Finance,TUHunt
Finance,TTStone
Finance,AKNorman
Finance,PHChandler
Finance,DDAdkins
Finance,TAWaters
Finance,JPJoyce
Finance,TABarton
Finance,TCMcNeill
Finance,LIRich
Finance,LCSchultz
Finance,AOHouston
IT,REHeath
IT,GEWeiner
IT,GADavis
IT,JOHouse
IT,WOMoser
IT,TABarrett
IT,AAWashington
IT,LIMiles
IT,LOBolton
IT,GZWhitehead
IT,VOYork
IT,KLClements
IT,BYByrne
IT,CEHendricks
IT,MOCochran
IT,RAHarmon
IT,JISingleton
IT,SABallard
IT,PPSpivey
IT,KUHuff
IT,LZMangum
Engineering,LOWolf
Engineering,SIDiaz
Engineering,LUCurrin
Engineering,HOFox
Engineering,JNUnderwood
Engineering,DHSherrill
Engineering,GHThompson
Engineering,HCMcIntosh
Engineering,GLGlover
Engineering,PEHenson
Engineering,JAWang
Engineering,VOWoodward
Engineering,AAEaton
Engineering,TUFuller
Engineering,REHess
Engineering,MOGold
Engineering,PUHughes
Engineering,AELevin
Engineering,WEWeiner
Engineering,CEBest
Operations,MUDunlap
Operations,EYLyons
Operations,DUQuinn
Operations,JIHicks
Operations,HIDickerson
Operations,CORobinson
Operations,LAJames
Operations,PUHutchinson
Operations,RORosenthal
Operations,GHShaffer
Operations,LAHayes
Operations,MABaxter
Operations,AASanchez
Operations,JRBrantley
Operations,RNKnowles
Operations,RAHardison
Operations,JOWolf
Operations,VHChang
Operations,MHPhillips
Operations,HHWhitaker
Operations,JIWiley
